{"created_at": "Thu Dec 02 04:54:44 +0000 2021", "id": 1466269580985188352, "id_str": "1466269580985188352", "full_text": "@KamalaHarris @JoeBiden Get off this and take care of this Country!! I know this is all you can handle but move on sleepy Joe!!", "truncated": false, "display_text_range": [24, 127], "entities": {"hashtags": [], "symbols": [], "user_mentions": [{"screen_name": "KamalaHarris", "name": "Kamala Harris", "id": 30354991, "id_str": "30354991", "indices": [0, 13]}, {"screen_name": "JoeBiden", "name": "Joe Biden", "id": 939091, "id_str": "939091", "indices": [14, 23]}], "urls": []}, "metadata": {"iso_language_code": "en", "result_type": "recent"}, "source": "<a href=\"https://mobile.twitter.com\" rel=\"nofollow\">Twitter Web App</a>", "in_reply_to_status_id": 1465451760508719111, "in_reply_to_status_id_str": "1465451760508719111", "in_reply_to_user_id": 30354991, "in_reply_to_user_id_str": "30354991", "in_reply_to_screen_name": "KamalaHarris", "user": {"id": 28730064, "id_str": "28730064", "name": "David", "screen_name": "lockitupdave", "location": "", "description": "Leaving the Dream in the USA, Well I thought I was till I see Americans Hurting one another...What a Shame.", "url": null, "entities": {"description": {"urls": []}}, "protected": false, "followers_count": 7, "friends_count": 35, "listed_count": 0, "created_at": "Sat Apr 04 03:28:25 +0000 2009", "favourites_count": 233, "utc_offset": null, "time_zone": null, "geo_enabled": false, "verified": false, "statuses_count": 767, "lang": null, "contributors_enabled": false, "is_translator": false, "is_translation_enabled": false, "profile_background_color": "C0DEED", "profile_background_image_url": "http://abs.twimg.com/images/themes/theme1/bg.png", "profile_background_image_url_https": "https://abs.twimg.com/images/themes/theme1/bg.png", "profile_background_tile": false, "profile_image_url": "http://abs.twimg.com/sticky/default_profile_images/default_profile_normal.png", "profile_image_url_https": "https://abs.twimg.com/sticky/default_profile_images/default_profile_normal.png", "profile_link_color": "1DA1F2", "profile_sidebar_border_color": "C0DEED", "profile_sidebar_fill_color": "DDEEF6", "profile_text_color": "333333", "profile_use_background_image": true, "has_extended_profile": false, "default_profile": true, "default_profile_image": true, "following": false, "follow_request_sent": false, "notifications": false, "translator_type": "none", "withheld_in_countries": []}, "geo": null, "coordinates": null, "place": null, "contributors": null, "is_quote_status": false, "retweet_count": 0, "favorite_count": 0, "favorited": false, "retweeted": false, "lang": "en"}